Date,Team,Win,GF,game_lat,Opponent,Win,GF,Draw,modal_score,comp_tier,notes
June 11 🏆@@24268,:cz: CZE,40.4,1.4,21.34143,:kr: KOR,30.0,1.1,29.6,0-0,9,FIFA 2026 World Cup: Group Stage
June 11 🏆@@24268,:mx: MEX 🏡,71.6,2.0,21.34143,:za: RSA,6.4,0.4,22.0,1-0,9,FIFA 2026 World Cup: Group Stage
June 12 🏆@@24269,:us: USA 🏡,41.2,1.3,37.3172,:py: PAR,27.7,1.0,31.0,0-0,9,FIFA 2026 World Cup: Group Stage
June 12 🏆@@24269,:ca: CAN 🏡,63.2,1.9,46.89425,:ba: BIH,12.6,0.7,24.3,1-0,9,FIFA 2026 World Cup: Group Stage
June 13 🏆@@24270,:ch: SUI,87.1,3.3,37.3172,:qa: QAT,2.3,0.4,10.6,2-0,9,FIFA 2026 World Cup: Group Stage
June 13 🏆@@24270,:br: BRA,56.6,1.6,37.3172,:ma: MAR,15.3,0.7,28.1,1-0,9,FIFA 2026 World Cup: Group Stage
June 13 🏆@@24270,:gb-sct: SCO,66.6,2.2,37.3172,:ht: HAI,11.7,0.8,21.7,1-0,9,FIFA 2026 World Cup: Group Stage
June 14 🏆@@24271,:ec: ECU,53.2,1.6,37.3172,:ci: CIV,18.2,0.8,28.6,1-0,9,FIFA 2026 World Cup: Group Stage
June 14 🏆@@24271,:nl: NED,53.9,1.8,37.3172,:jp: JPN,20.6,1.1,25.5,1-0,9,FIFA 2026 World Cup: Group Stage
June 14 🏆@@24271,:se: SWE,53.5,1.7,21.34143,:tn: TUN,19.5,0.9,27.0,1-0,9,FIFA 2026 World Cup: Group Stage
June 14 🏆@@24271,:tr: TUR,65.4,2.1,46.89425,:au: AUS,12.3,0.8,22.3,1-0,9,FIFA 2026 World Cup: Group Stage
June 14 🏆@@24271,:de: GER,91.1,3.9,37.3172,:cw: CUW,1.4,0.3,7.5,2-0,9,FIFA 2026 World Cup: Group Stage
June 15 🏆@@24272,:es: ESP,90.0,3.4,37.3172,:cv: CPV,1.2,0.2,8.8,2-0,9,FIFA 2026 World Cup: Group Stage
June 15 🏆@@24272,:ir: IRN,55.2,1.7,37.3172,:nz: NZL,17.6,0.8,27.2,1-0,9,FIFA 2026 World Cup: Group Stage
June 15 🏆@@24272,:uy: URU,73.3,2.2,37.3172,:sa: KSA,6.4,0.5,20.3,1-0,9,FIFA 2026 World Cup: Group Stage
June 15 🏆@@24272,:be: BEL,61.6,2.0,37.3172,:eg: EGY,14.6,0.8,23.8,1-0,9,FIFA 2026 World Cup: Group Stage
June 16 🏆@@24273,:ar: ARG,76.8,2.5,37.3172,:dz: ALG,5.9,0.5,17.3,1-0,9,FIFA 2026 World Cup: Group Stage
June 16 🏆@@24273,:no: NOR,82.4,2.8,37.3172,:iq: IRQ,3.7,0.4,13.8,2-0,9,FIFA 2026 World Cup: Group Stage
June 16 🏆@@24273,:fr: FRA,58.1,1.7,37.3172,:sn: SEN,14.7,0.7,27.2,1-0,9,FIFA 2026 World Cup: Group Stage
June 17 🏆@@24274,:pt: POR,73.7,2.3,37.3172,:cd: COD,7.3,0.6,19.1,1-0,9,FIFA 2026 World Cup: Group Stage
June 17 🏆@@24274,:co: COL,73.5,2.2,21.34143,:uz: UZB,6.7,0.5,19.8,1-0,9,FIFA 2026 World Cup: Group Stage
June 17 🏆@@24274,:pa: PAN,44.4,1.4,46.89425,:gh: GHA,26.1,1.0,29.5,0-0,9,FIFA 2026 World Cup: Group Stage
June 17 🏆@@24274,:gb-eng: ENG,62.4,1.9,37.3172,:hr: CRO,13.2,0.7,24.4,1-0,9,FIFA 2026 World Cup: Group Stage
June 17 🏆@@24274,:at: AUT,67.6,2.2,37.3172,:jo: JOR,11.1,0.8,21.3,1-0,9,FIFA 2026 World Cup: Group Stage
June 18 🏆@@24275,:ca: CAN 🏡,83.7,2.8,46.89425,:qa: QAT,3.0,0.4,13.3,2-0,9,FIFA 2026 World Cup: Group Stage
June 18 🏆@@24275,:cz: CZE,49.1,1.5,37.3172,:za: RSA,22.3,0.9,28.6,1-0,9,FIFA 2026 World Cup: Group Stage
June 18 🏆@@24275,:ch: SUI,68.0,2.2,37.3172,:ba: BIH,11.0,0.8,21.0,1-0,9,FIFA 2026 World Cup: Group Stage
June 18 🏆@@24275,:mx: MEX 🏡,66.7,1.8,21.34143,:kr: KOR,8.9,0.5,24.4,1-0,9,FIFA 2026 World Cup: Group Stage
June 19 🏆@@24276,:tr: TUR,50.5,1.7,37.3172,:py: PAR,22.2,1.0,27.3,1-0,9,FIFA 2026 World Cup: Group Stage
June 19 🏆@@24276,:br: BRA,85.6,3.1,37.3172,:ht: HAI,2.8,0.4,11.6,2-0,9,FIFA 2026 World Cup: Group Stage
June 19 🏆@@24276,:us: USA 🏡,54.6,1.6,37.3172,:au: AUS,17.7,0.8,27.7,1-0,9,FIFA 2026 World Cup: Group Stage
June 19 🏆@@24276,:ma: MAR,37.4,1.1,37.3172,:gb-sct: SCO,29.6,1.0,33.1,0-0,9,FIFA 2026 World Cup: Group Stage
June 20 🏆@@24277,:nl: NED,64.6,2.2,37.3172,:se: SWE,13.5,0.9,21.9,1-0,9,FIFA 2026 World Cup: Group Stage
June 20 🏆@@24277,:de: GER,74.6,2.6,46.89425,:ci: CIV,8.1,0.7,17.3,1-0,9,FIFA 2026 World Cup: Group Stage
June 20 🏆@@24277,:ec: ECU,80.0,2.6,37.3172,:cw: CUW,4.2,0.4,15.8,1-0,9,FIFA 2026 World Cup: Group Stage
June 21 🏆@@24278,:es: ESP,90.5,3.5,37.3172,:sa: KSA,1.1,0.2,8.4,2-0,9,FIFA 2026 World Cup: Group Stage
June 21 🏆@@24278,:eg: EGY,62.9,1.9,46.89425,:nz: NZL,12.9,0.7,24.2,1-0,9,FIFA 2026 World Cup: Group Stage
June 21 🏆@@24278,:uy: URU,72.1,2.1,37.3172,:cv: CPV,6.8,0.5,21.1,1-0,9,FIFA 2026 World Cup: Group Stage
June 21 🏆@@24278,:be: BEL,67.6,2.1,37.3172,:ir: IRN,10.7,0.7,21.7,1-0,9,FIFA 2026 World Cup: Group Stage
June 21 🏆@@24278,:jp: JPN,63.0,1.9,21.34143,:tn: TUN,12.8,0.7,24.2,1-0,9,FIFA 2026 World Cup: Group Stage
June 22 🏆@@24279,:no: NOR,46.6,1.5,46.89425,:sn: SEN,24.5,1.0,28.9,1-0,9,FIFA 2026 World Cup: Group Stage
June 22 🏆@@24279,:ar: ARG,71.6,2.3,37.3172,:at: AUT,8.7,0.7,19.7,1-0,9,FIFA 2026 World Cup: Group Stage
June 22 🏆@@24279,:fr: FRA,87.0,3.1,37.3172,:iq: IRQ,1.9,0.3,11.1,2-0,9,FIFA 2026 World Cup: Group Stage
June 22 🏆@@24279,:dz: ALG,58.4,1.9,37.3172,:jo: JOR,16.4,0.9,25.2,1-0,9,FIFA 2026 World Cup: Group Stage
June 23 🏆@@24280,:pt: POR,78.7,2.6,37.3172,:uz: UZB,5.1,0.5,16.2,1-0,9,FIFA 2026 World Cup: Group Stage
June 23 🏆@@24280,:gb-eng: ENG,85.2,2.9,37.3172,:gh: GHA,2.4,0.3,12.3,2-0,9,FIFA 2026 World Cup: Group Stage
June 23 🏆@@24280,:co: COL,67.6,2.0,21.34143,:cd: COD,9.4,0.6,23.0,1-0,9,FIFA 2026 World Cup: Group Stage
June 23 🏆@@24280,:hr: CRO,61.6,1.9,37.3172,:pa: PAN,14.0,0.8,24.5,1-0,9,FIFA 2026 World Cup: Group Stage
June 24 🏆@@24281,:mx: MEX 🏡,65.2,1.9,21.34143,:cz: CZE,10.7,0.6,24.1,1-0,9,FIFA 2026 World Cup: Group Stage
June 24 🏆@@24281,:ca: CAN 🏡,32.6,1.2,46.89425,:ch: SUI,36.7,1.2,30.6,0-0,9,FIFA 2026 World Cup: Group Stage
June 24 🏆@@24281,:kr: KOR,41.5,1.3,21.34143,:za: RSA,26.8,1.0,31.7,0-0,9,FIFA 2026 World Cup: Group Stage
June 24 🏆@@24281,:br: BRA,64.0,2.0,37.3172,:gb-sct: SCO,12.5,0.7,23.5,1-0,9,FIFA 2026 World Cup: Group Stage
June 24 🏆@@24281,:ma: MAR,67.1,2.0,37.3172,:ht: HAI,10.0,0.6,22.8,1-0,9,FIFA 2026 World Cup: Group Stage
June 24 🏆@@24281,:ba: BIH,68.6,2.3,37.3172,:qa: QAT,10.9,0.8,20.5,1-0,9,FIFA 2026 World Cup: Group Stage
June 25 🏆@@24282,:nl: NED,76.0,2.4,37.3172,:tn: TUN,6.2,0.5,17.8,1-0,9,FIFA 2026 World Cup: Group Stage
June 25 🏆@@24282,:de: GER,55.0,1.9,37.3172,:ec: ECU,19.9,1.1,25.0,1-0,9,FIFA 2026 World Cup: Group Stage
June 25 🏆@@24282,:jp: JPN,47.0,1.7,37.3172,:se: SWE,26.1,1.2,26.9,1-0,9,FIFA 2026 World Cup: Group Stage
June 25 🏆@@24282,:us: USA 🏡,28.4,1.2,37.3172,:tr: TUR,43.6,1.5,28.0,0-0,9,FIFA 2026 World Cup: Group Stage
June 25 🏆@@24282,:ci: CIV,68.2,2.1,37.3172,:cw: CUW,10.1,0.7,21.7,1-0,9,FIFA 2026 World Cup: Group Stage
June 25 🏆@@24282,:py: PAR,47.9,1.4,37.3172,:au: AUS,22.1,0.9,30.0,0-0,9,FIFA 2026 World Cup: Group Stage
June 26 🏆@@24283,:fr: FRA,51.4,1.8,37.3172,:no: NOR,22.3,1.1,26.4,1-0,9,FIFA 2026 World Cup: Group Stage
June 26 🏆@@24283,:sn: SEN,71.2,2.0,46.89425,:iq: IRQ,7.1,0.5,21.8,1-0,9,FIFA 2026 World Cup: Group Stage
June 26 🏆@@24283,:be: BEL,82.9,2.9,46.89425,:nz: NZL,3.8,0.5,13.3,2-0,9,FIFA 2026 World Cup: Group Stage
June 26 🏆@@24283,:es: ESP,67.0,2.1,21.34143,:uy: URU,10.6,0.7,22.4,1-0,9,FIFA 2026 World Cup: Group Stage
June 26 🏆@@24283,:sa: KSA,32.3,1.0,37.3172,:cv: CPV,34.3,1.1,33.4,0-0,9,FIFA 2026 World Cup: Group Stage
June 26 🏆@@24283,:eg: EGY,41.4,1.3,37.3172,:ir: IRN,27.9,1.0,30.8,0-0,9,FIFA 2026 World Cup: Group Stage
June 27 🏆@@24284,:at: AUT,46.1,1.7,37.3172,:dz: ALG,27.1,1.2,26.8,1-0,9,FIFA 2026 World Cup: Group Stage
June 27 🏆@@24284,:ar: ARG,86.9,3.1,37.3172,:jo: JOR,2.0,0.3,11.1,2-0,9,FIFA 2026 World Cup: Group Stage
June 27 🏆@@24284,:hr: CRO,69.8,2.2,37.3172,:gh: GHA,9.0,0.6,21.2,1-0,9,FIFA 2026 World Cup: Group Stage
June 27 🏆@@24284,:cd: COD,42.2,1.4,37.3172,:uz: UZB,28.2,1.1,29.5,0-0,9,FIFA 2026 World Cup: Group Stage
June 27 🏆@@24284,:gb-eng: ENG,80.8,2.6,37.3172,:pa: PAN,4.0,0.4,15.2,1-0,9,FIFA 2026 World Cup: Group Stage
June 27 🏆@@24284,:pt: POR,40.4,1.3,37.3172,:co: COL,29.0,1.1,30.6,0-0,9,FIFA 2026 World Cup: Group Stage
May 16@@24242,:ie: IRL,90.7,3.9,39.58596,:gd: GRN,1.6,0.4,7.7,2-0,1,Friendly
May 22@@24248,:mx: MEX 🏡,71.5,2.2,21.34143,:gh: GHA,7.8,0.5,20.7,1-0,1,Friendly
May 26@@24252,:ng: NGA,75.5,2.4,52.5,:zw: ZIM,6.3,0.5,18.2,1-0,2,Unity Cup
May 27@@24253,:jm: JAM,76.6,2.4,52.5,:in: IND,5.8,0.5,17.6,1-0,2,Unity Cup
May 28@@24254,:ie: IRL 🏡,72.2,2.2,53.13107,:qa: QAT,7.8,0.6,20.0,1-0,1,Friendly
May 28@@24254,:eg: EGY 🏡,40.8,1.4,29.58415,:ru: RUS,29.3,1.1,30.0,0-0,1,Friendly
May 29@@24255,:ba: BIH 🏡,50.1,1.7,44.33118,:mk: MKD,23.0,1.1,26.9,1-0,1,Friendly
May 29@@24255,:co: COL 🏡,77.8,2.5,5.939079,:cr: CRC,5.4,0.5,16.9,1-0,1,Friendly
May 29@@24255,:iq: IRQ,68.4,1.9,39.58596,:ad: AND,8.2,0.5,23.4,1-0,1,Friendly
May 30@@24256,:ec: ECU,68.9,2.1,37.3172,:sa: KSA,9.0,0.6,22.1,1-0,1,Friendly
May 30@@24256,:mx: MEX,48.5,1.5,37.3172,:au: AUS,22.2,0.9,29.3,1-0,1,Friendly
May 30@@24256,:gb-sct: SCO 🏡,77.6,2.6,55.88,:cw: CUW,5.8,0.5,16.6,1-0,1,Friendly
May 31@@24257,:us: USA 🏡,31.3,1.1,37.3172,:sn: SEN,36.8,1.2,31.9,0-0,1,Friendly
May 31@@24257,:rs: SRB,59.1,1.8,39.65553,:cv: CPV,15.5,0.8,25.4,1-0,1,Friendly
May 31@@24257,:jp: JPN 🏡,72.0,2.5,35.56871,:is: ISL,9.3,0.8,18.8,1-0,1,Friendly
May 31@@24257,:ch: SUI 🏡,73.9,2.4,47.01849,:jo: JOR,7.5,0.6,18.6,1-0,1,Friendly
May 31@@24257,:de: GER 🏡,83.6,3.2,50.81935,:fi: FIN,4.2,0.6,12.1,2-0,1,Friendly
May 31@@24257,:br: BRA 🏡,77.1,2.6,-16.81271,:pa: PAN,6.0,0.6,16.9,1-0,1,Friendly
June 1@@24258,:ca: CAN 🏡,59.6,1.8,46.89425,:uz: UZB,14.7,0.8,25.7,1-0,1,Friendly
June 1@@24258,:sk: SVK 🏡,76.9,2.5,48.66519,:mt: MLT,6.0,0.5,17.1,1-0,1,Friendly
June 1@@24258,:no: NOR 🏡,61.9,2.1,60.99203,:se: SWE,15.2,0.9,22.9,1-0,1,Friendly
June 1@@24258,:at: AUT 🏡,63.6,2.0,47.7831,:tn: TUN,12.8,0.7,23.6,1-0,1,Friendly
June 1@@24258,:tr: TUR 🏡,74.8,2.6,39.29454,:mk: MKD,7.9,0.7,17.4,1-0,1,Friendly
June 1@@24258,:bg: BUL 🏡,48.3,1.6,42.7289,:me: MNE,23.6,1.0,28.0,1-0,1,Friendly
June 2@@24259,:nz: NZL,29.0,1.3,37.3172,:ht: HAI,43.8,1.6,27.2,0-1,1,Friendly
June 2@@24259,:gb-wls: WAL 🏡,53.4,1.6,51.75,:gh: GHA,18.2,0.8,28.4,1-0,1,Friendly
June 2@@24259,:bn: BRU 🏡,39.8,1.5,4.850877,:tl: TLS,32.9,1.4,27.3,1-1,3,Southeast Asian Championship qualifying
June 2@@24259,:ge: GEO 🏡,42.3,1.4,41.93037,:ro: ROU,27.8,1.1,29.8,0-0,1,Friendly
June 2@@24259,:hr: CRO 🏡,41.6,1.5,45.21638,:be: BEL,29.7,1.2,28.6,0-0,1,Friendly
June 3@@24260,:lu: LUX 🏡,7.1,0.5,49.64531,:it: ITA,73.1,2.2,19.8,0-1,1,Friendly
June 3@@24260,:pl: POL 🏡,40.1,1.3,51.72587,:ng: NGA,29.1,1.1,30.8,0-0,1,Friendly
June 3@@24260,:dk: DEN,59.0,1.9,50.84524,:cd: COD,16.6,0.9,24.4,1-0,1,Friendly
June 3@@24260,:nl: NED 🏡,69.7,2.3,52.09536,:dz: ALG,10.1,0.7,20.1,1-0,1,Friendly
June 3@@24260,:pa: PAN 🏡,71.1,2.3,8.800722,:do: DOM,9.0,0.7,19.9,1-0,1,Friendly
June 4@@24261,:si: SVN 🏡,76.3,2.6,46.15565,:cy: CYP,6.6,0.6,17.1,1-0,1,Friendly
June 4@@24261,:th: THA 🏡,54.5,1.8,14.11979,:kw: KUW,19.3,1.0,26.2,1-0,1,Friendly
June 4@@24261,:uy: URU,54.7,1.6,21.34143,:kr: KOR,17.7,0.8,27.6,1-0,1,Friendly
June 4@@24261,:mx: MEX 🏡,58.3,1.8,21.34143,:rs: SRB,15.5,0.8,26.2,1-0,1,Friendly
June 4@@24261,:lb: LBN,55.3,1.7,25.32567,:ye: YEM,17.9,0.9,26.8,1-0,5,AFC Asian Cup qualifying
June 4@@24261,:ad: AND 🏡,51.7,1.3,42.52226,:li: LIE,15.2,0.5,33.1,0-0,1,Friendly
June 4@@24261,:cz: CZE,60.4,1.9,37.3172,:gt: GUA,15.3,0.9,24.3,1-0,1,Friendly
June 4@@24261,:es: ESP 🏡,91.3,3.9,39.58596,:iq: IRQ,1.3,0.3,7.5,2-0,1,Friendly
June 4@@24261,:fr: FRA 🏡,75.3,2.4,47.04737,:ci: CIV,6.6,0.6,18.1,1-0,1,Friendly
June 4@@24261,:se: SWE 🏡,41.2,1.4,58.80855,:gr: GRE,29.3,1.1,29.5,0-0,1,Friendly
June 5@@24262,:ca: CAN 🏡,46.9,1.3,46.89425,:ie: IRL,21.6,0.8,31.6,0-0,1,Friendly
June 5@@24262,:ao: ANG,55.7,1.5,33.183,:bw: BOT,15.2,0.7,29.1,1-0,1,Friendly
June 5@@24262,:ge: GEO 🏡,73.1,2.3,41.93037,:bh: BHR,7.7,0.6,19.2,1-0,1,Friendly
June 5@@24262,:hu: HUN 🏡,61.5,2.0,47.31799,:fi: FIN,15.1,0.9,23.4,1-0,1,Friendly
June 5@@24262,:az: AZE,39.0,1.3,47.7831,:mt: MLT,30.3,1.1,30.7,0-0,1,Friendly
June 5@@24262,:ru: RUS 🏡,66.7,2.1,53.7622,:bf: BFA,11.2,0.7,22.1,1-0,1,Friendly
June 5@@24262,:id: IDN 🏡,37.5,1.3,-4.827971,:om: OMA,31.9,1.1,30.5,0-0,1,Friendly
June 5@@24262,:sk: SVK 🏡,65.2,2.1,48.66519,:me: MNE,12.3,0.8,22.6,1-0,1,Friendly
June 5@@24262,:by: BLR 🏡,48.9,1.5,53.53761,:sy: SYR,22.3,0.9,28.8,1-0,1,Friendly
June 5@@24262,:pe: PER,48.7,1.6,37.3172,:ht: HAI,23.5,1.0,27.8,1-0,1,Friendly
June 5@@24262,:sm: SMR 🏡,38.1,1.0,43.94609,:bd: BAN,25.4,0.7,36.6,0-0,1,Friendly
June 5@@24262,:md: MDA 🏡,20.9,0.9,47.16079,:bg: BUL,50.6,1.6,28.5,0-1,1,Friendly
June 6@@24263,:ch: SUI,57.2,1.9,37.3172,:au: AUS,17.4,0.9,25.4,1-0,1,Friendly
June 6@@24263,:us: USA 🏡,20.7,1.2,37.3172,:de: GER,55.3,2.0,24.0,0-1,1,Friendly
June 6@@24263,:gb-sct: SCO,65.3,2.2,37.3172,:bo: BOL,12.8,0.8,21.8,1-0,1,Friendly
June 6@@24263,:pa: PAN,38.7,1.4,37.3172,:ba: BIH,33.0,1.3,28.3,0-0,1,Friendly
June 6@@24263,:ar: ARG,86.1,3.3,37.3172,:hn: HON,2.8,0.4,11.1,2-0,1,Friendly
June 6@@24263,:br: BRA,67.8,2.2,37.3172,:eg: EGY,10.8,0.7,21.3,1-0,1,Friendly
June 6@@24263,:al: ALB 🏡,57.1,1.7,41.20574,:lu: LUX,15.7,0.7,27.3,1-0,1,Friendly
June 6@@24263,:pl: POL 🏡,49.3,1.6,51.72587,:xk: KOS,23.2,1.0,27.5,1-0,1,Friendly
June 6@@24263,:pt: POR 🏡,75.6,2.5,39.65553,:cl: CHI,6.7,0.6,17.7,1-0,1,Friendly
June 6@@24263,:lt: LTU 🏡,34.4,1.1,55.17509,:lv: LVA,32.3,1.0,33.3,0-0,4,Baltic Cup
June 6@@24263,:gb-eng: ENG,88.1,3.5,37.3172,:nz: NZL,2.2,0.4,9.7,2-0,1,Friendly
June 6@@24263,:ee: EST 🏡,39.8,1.1,59.0178,:fo: FRO,26.1,0.8,34.1,0-0,4,Baltic Cup
June 6@@24263,:cw: CUW 🏡,84.1,3.2,12.1468,:aw: ARU,3.8,0.5,12.1,2-0,1,Friendly
June 6@@24263,:am: ARM 🏡,39.0,1.5,40.27288,:kz: KAZ,32.8,1.3,28.2,0-0,1,Friendly
June 6@@24263,:be: BEL 🏡,70.2,2.2,50.84524,:tn: TUN,9.2,0.7,20.6,1-0,1,Friendly
June 6@@24263,:ro: ROU 🏡,34.8,1.1,45.05045,:gb-wls: WAL,33.4,1.1,31.8,0-0,1,Friendly
June 6@@24263,:qa: QAT,39.0,1.4,37.3172,:sv: SLV,32.5,1.3,28.5,0-0,1,Friendly
June 7@@24264,:dk: DEN 🏡,54.1,1.7,55.85131,:ua: UKR,18.6,0.9,27.3,1-0,1,Friendly
June 7@@24264,:hr: CRO 🏡,59.9,1.8,45.21638,:si: SVN,14.6,0.8,25.5,1-0,1,Friendly
June 7@@24264,:ec: ECU,72.2,2.2,37.3172,:gt: GUA,7.8,0.6,20.0,1-0,1,Friendly
June 7@@24264,:no: NOR,50.1,1.6,37.3172,:ma: MAR,21.6,0.9,28.3,1-0,1,Friendly
June 7@@24264,:co: COL,72.7,2.3,37.3172,:jo: JOR,7.8,0.6,19.5,1-0,1,Friendly
June 7@@24264,:gr: GRE 🏡,25.7,0.9,38.6902,:it: ITA,41.1,1.2,33.2,0-0,1,Friendly
June 8@@24265,:es: ESP,78.3,2.6,21.34143,:pe: PER,5.6,0.5,16.1,1-0,1,Friendly
June 8@@24265,:ci: CIV,53.7,1.7,37.3172,:iq: IRQ,18.9,0.9,27.4,1-0,1,Friendly
June 8@@24265,:uy: URU,49.4,1.6,21.34143,:rs: SRB,22.9,1.0,27.7,1-0,1,Friendly
June 8@@24265,:fr: FRA 🏡,79.7,2.6,47.04737,:gb-nir: NIR,4.4,0.4,16.0,1-0,1,Friendly
June 8@@24265,:az: AZE,78.6,2.5,47.7831,:sm: SMR,4.8,0.5,16.6,1-0,1,Friendly
June 9@@24266,:hu: HUN 🏡,72.5,2.5,47.31799,:kz: KAZ,9.0,0.7,18.6,1-0,1,Friendly
June 9@@24266,:tl: TLS 🏡,58.8,2.0,-8.753522,:bn: BRU,17.5,1.0,23.7,1-0,3,Southeast Asian Championship qualifying
June 9@@24266,:ao: ANG,61.9,2.0,33.183,:cf: CTA,14.4,0.8,23.7,1-0,1,Friendly
June 9@@24266,:ru: RUS 🏡,84.9,3.3,53.7622,:tt: TRI,3.6,0.5,11.5,2-0,1,Friendly
June 9@@24266,:am: ARM 🏡,56.8,1.8,40.27288,:md: MDA,17.8,0.9,25.4,1-0,1,Friendly
June 9@@24266,:cl: CHI,32.8,1.2,39.58596,:cd: COD,37.9,1.4,29.3,0-0,1,Friendly
June 9@@24266,:kh: CAM 🏡,20.6,1.0,12.28687,:hk: HKG,53.2,1.8,26.1,0-1,1,Friendly
June 9@@24266,:sn: SEN,68.5,2.0,37.3172,:sa: KSA,9.0,0.6,22.5,1-0,1,Friendly
June 9@@24266,:om: OMA,50.1,1.6,14.11979,:kw: KUW,21.8,1.0,28.2,1-0,1,Friendly
June 9@@24266,:cn: CHN 🏡,52.7,1.7,32.3261,:th: THA,19.9,0.9,27.4,1-0,1,Friendly
June 9@@24266,:ar: ARG,83.8,3.2,37.3172,:is: ISL,4.0,0.6,12.3,2-0,1,Friendly
June 10@@24267,:gb-eng: ENG,83.4,3.0,37.3172,:cr: CRC,3.8,0.5,12.8,2-0,1,Friendly
June 10@@24267,:pt: POR 🏡,64.0,1.9,39.65553,:ng: NGA,11.7,0.7,24.3,1-0,1,Friendly
June 10@@24267,:at: AUT,69.9,2.3,37.3172,:gt: GUA,10.1,0.8,19.9,1-0,1,Friendly
July 24@@24311,:kh: CAM 🏡,20.2,1.1,12.28687,:sg: SGP,54.8,1.9,25.0,0-1,4,Southeast Asian Championship
July 25@@24312,:la: LAO 🏡,1.8,0.4,17.93762,:th: THA,89.8,3.7,8.4,0-2,4,Southeast Asian Championship
July 25@@24312,:mm: MYA 🏡,15.7,0.9,19.49208,:my: MAS,61.0,2.1,23.3,0-1,4,Southeast Asian Championship
July 27@@24314,:id: IDN 🏡,93.1,4.3,-4.827971,:kh: CAM,0.9,0.3,5.9,3-0,4,Southeast Asian Championship
July 28@@24315,:ph: PHI 🏡,75.7,2.7,12.2553,:mm: MYA,7.5,0.7,16.8,1-0,4,Southeast Asian Championship
July 28@@24315,:my: MAS 🏡,93.4,4.4,3.825267,:la: LAO,0.9,0.3,5.7,3-0,4,Southeast Asian Championship
July 31@@24318,:vn: VIE 🏡,73.0,2.4,15.43885,:sg: SGP,8.0,0.6,18.9,1-0,4,Southeast Asian Championship
Aug. 1@@24319,:la: LAO 🏡,6.2,0.7,17.93762,:ph: PHI,78.8,2.9,15.0,0-2,4,Southeast Asian Championship
Aug. 1@@24319,:th: THA 🏡,66.5,2.2,14.11979,:my: MAS,11.8,0.8,21.8,1-0,4,Southeast Asian Championship
Aug. 3@@24321,:id: IDN 🏡,56.3,1.8,-4.827971,:vn: VIE,18.1,0.9,25.6,1-0,4,Southeast Asian Championship
Aug. 4@@24322,:mm: MYA 🏡,73.1,2.6,19.49208,:la: LAO,9.2,0.8,17.8,1-0,4,Southeast Asian Championship
Aug. 4@@24322,:ph: PHI 🏡,23.7,1.1,12.2553,:th: THA,49.6,1.7,26.7,0-1,4,Southeast Asian Championship
Aug. 7@@24325,:vn: VIE 🏡,90.8,3.8,15.43885,:kh: CAM,1.5,0.4,7.7,2-0,4,Southeast Asian Championship
Aug. 7@@24325,:sg: SGP 🏡,14.2,0.8,1.362888,:id: IDN,62.3,2.0,23.4,0-1,4,Southeast Asian Championship
Aug. 8@@24326,:my: MAS 🏡,62.4,2.1,3.825267,:ph: PHI,14.5,0.9,23.0,1-0,4,Southeast Asian Championship
Aug. 8@@24326,:th: THA 🏡,89.3,3.6,14.11979,:mm: MYA,1.9,0.4,8.8,2-0,4,Southeast Asian Championship
Sept. 24@@24373,:rs: SRB 🏡,38.9,1.3,44.44791,:gr: GRE,30.5,1.1,30.7,0-0,6,UEFA Nations League A
Sept. 24@@24373,:at: AUT 🏡,71.1,2.5,47.7831,:il: ISR,10.0,0.8,18.9,1-0,6,UEFA Nations League B
Sept. 24@@24373,:no: NOR 🏡,53.4,1.8,60.99203,:dk: DEN,20.5,1.0,26.1,1-0,6,UEFA Nations League A
Sept. 24@@24373,:xk: KOS 🏡,39.6,1.2,42.57,:ie: IRL,27.7,0.9,32.7,0-0,6,UEFA Nations League B
Sept. 24@@24373,:nl: NED 🏡,42.2,1.7,52.09536,:de: GER,31.5,1.4,26.3,1-1,6,UEFA Nations League A
Sept. 24@@24373,:pt: POR 🏡,74.9,2.3,39.65553,:gb-wls: WAL,6.4,0.5,18.6,1-0,6,UEFA Nations League A
Sept. 24@@24373,:li: LIE 🏡,6.1,0.5,47.15836,:lt: LTU,74.1,2.2,19.7,0-1,6,UEFA Nations League D
Sept. 24@@24373,:ad: AND 🏡,21.7,0.7,42.52226,:mt: MLT,42.2,1.1,36.1,0-0,6,UEFA Nations League D
Sept. 25@@24374,:pl: POL 🏡,58.6,1.9,51.72587,:ba: BIH,16.5,0.9,24.8,1-0,6,UEFA Nations League B
Sept. 25@@24374,:se: SWE 🏡,57.1,1.8,58.80855,:ro: ROU,16.6,0.8,26.2,1-0,6,UEFA Nations League B
Sept. 25@@24374,:am: ARM 🏡,46.8,1.5,40.27288,:lv: LVA,24.1,1.0,29.0,0-0,6,UEFA Nations League C
Sept. 25@@24374,:hu: HUN 🏡,40.9,1.4,47.31799,:ua: UKR,29.5,1.1,29.6,0-0,6,UEFA Nations League B
Sept. 25@@24374,:it: ITA 🏡,45.2,1.4,42.97874,:be: BEL,24.2,0.9,30.7,0-0,6,UEFA Nations League A
Sept. 25@@24374,:me: MNE 🏡,59.6,2.0,42.55761,:cy: CYP,16.1,0.9,24.3,1-0,6,UEFA Nations League C
Sept. 25@@24374,:ge: GEO 🏡,49.1,1.4,41.93037,:gb-nir: NIR,20.2,0.8,30.7,0-0,6,UEFA Nations League B
Sept. 25@@24374,:tr: TUR 🏡,20.4,1.0,39.29454,:fr: FRA,52.7,1.7,26.9,0-1,6,UEFA Nations League A
Sept. 26@@24375,:bg: BUL 🏡,45.9,1.4,42.7289,:lu: LUX,24.5,1.0,29.5,0-0,6,UEFA Nations League C
Sept. 26@@24375,:mk: MKD 🏡,10.9,0.7,41.73948,:ch: SUI,67.5,2.2,21.6,0-1,6,UEFA Nations League B
Sept. 26@@24375,:sm: SMR 🏡,1.0,0.2,43.94609,:fi: FIN,91.5,3.7,7.5,0-2,6,UEFA Nations League C
Sept. 26@@24375,:al: ALB 🏡,60.5,1.7,41.20574,:by: BLR,12.7,0.6,26.8,1-0,6,UEFA Nations League C
Sept. 26@@24375,:cz: CZE 🏡,27.4,1.1,49.83317,:hr: CRO,43.0,1.4,29.6,0-0,6,UEFA Nations League A
Sept. 26@@24375,:fo: FRO 🏡,35.0,1.1,62.04065,:kz: KAZ,32.9,1.1,32.1,0-0,6,UEFA Nations League C
Sept. 26@@24375,:gb-eng: ENG 🏡,34.4,1.2,52.5,:es: ESP,34.5,1.2,31.0,0-0,6,UEFA Nations League A
Sept. 26@@24375,:is: ISL 🏡,74.0,2.4,64.33116,:ee: EST,7.3,0.6,18.8,1-0,6,UEFA Nations League C
Sept. 26@@24375,:sk: SVK 🏡,83.1,2.8,48.66519,:md: MDA,3.3,0.4,13.5,2-0,6,UEFA Nations League C
Sept. 26@@24375,:si: SVN 🏡,32.7,1.1,46.15565,:gb-sct: SCO,35.4,1.1,31.9,0-0,6,UEFA Nations League B
Sept. 27@@24376,:il: ISR 🏡,31.4,1.1,32.13433,:ie: IRL,38.4,1.3,30.2,0-0,6,UEFA Nations League B
Sept. 27@@24376,:lt: LTU 🏡,40.1,1.1,55.17509,:az: AZE,26.5,0.9,33.4,0-0,6,UEFA Nations League D
Sept. 27@@24376,:dk: DEN 🏡,60.6,1.8,55.85131,:gb-wls: WAL,14.1,0.8,25.3,1-0,6,UEFA Nations League A
Sept. 27@@24376,:at: AUT 🏡,63.0,2.0,47.7831,:xk: KOS,13.7,0.8,23.4,1-0,6,UEFA Nations League B
Sept. 27@@24376,:de: GER 🏡,70.5,2.4,50.81935,:gr: GRE,9.9,0.8,19.6,1-0,6,UEFA Nations League A
Sept. 27@@24376,:rs: SRB 🏡,18.9,0.9,44.44791,:nl: NED,55.0,1.8,26.0,0-1,6,UEFA Nations League A
Sept. 27@@24376,:gi: GIB 🏡,24.2,0.7,36.1412,:ad: AND,36.5,0.9,39.3,0-0,6,UEFA Nations League D
Sept. 27@@24376,:no: NOR 🏡,37.0,1.3,60.99203,:pt: POR,33.9,1.3,29.1,0-0,6,UEFA Nations League A
Sept. 28@@24377,:be: BEL 🏡,21.8,1.0,50.84524,:fr: FRA,50.5,1.6,27.6,0-1,6,UEFA Nations League A
Sept. 28@@24377,:am: ARM 🏡,40.5,1.5,40.27288,:me: MNE,31.4,1.3,28.1,0-0,6,UEFA Nations League C
Sept. 28@@24377,:ge: GEO 🏡,33.7,1.2,41.93037,:ua: UKR,35.1,1.2,31.1,0-0,6,UEFA Nations League B
Sept. 28@@24377,:ro: ROU 🏡,44.2,1.4,45.05045,:ba: BIH,26.0,1.0,29.8,0-0,6,UEFA Nations League B
Sept. 28@@24377,:lv: LVA 🏡,42.0,1.4,56.83152,:cy: CYP,27.9,1.1,30.1,0-0,6,UEFA Nations League C
Sept. 28@@24377,:se: SWE 🏡,46.8,1.6,58.80855,:pl: POL,25.5,1.1,27.6,1-0,6,UEFA Nations League B
Sept. 28@@24377,:gb-nir: NIR 🏡,30.5,1.1,54.58,:hu: HUN,38.1,1.2,31.5,0-0,6,UEFA Nations League B
Sept. 28@@24377,:tr: TUR 🏡,39.2,1.2,39.29454,:it: ITA,29.5,1.0,31.3,0-0,6,UEFA Nations League A
Sept. 29@@24378,:es: ESP 🏡,78.7,2.6,39.58596,:hr: CRO,5.2,0.5,16.1,1-0,6,UEFA Nations League A
Sept. 29@@24378,:lu: LUX 🏡,24.8,1.1,49.64531,:is: ISL,47.8,1.6,27.5,0-1,6,UEFA Nations League C
Sept. 29@@24378,:fi: FIN 🏡,47.8,1.5,61.69732,:by: BLR,23.0,0.9,29.2,1-0,6,UEFA Nations League C
Sept. 29@@24378,:md: MDA 🏡,30.0,1.0,47.16079,:fo: FRO,36.9,1.1,33.1,0-0,6,UEFA Nations League C
Sept. 29@@24378,:sm: SMR 🏡,0.6,0.2,43.94609,:al: ALB,93.4,4.0,6.1,0-3,6,UEFA Nations League C
Sept. 29@@24378,:bg: BUL 🏡,60.3,1.7,42.7289,:ee: EST,13.3,0.7,26.4,1-0,6,UEFA Nations League C
Sept. 29@@24378,:sk: SVK 🏡,70.8,2.2,48.66519,:kz: KAZ,8.7,0.6,20.5,1-0,6,UEFA Nations League C
Sept. 29@@24378,:si: SVN 🏡,59.6,1.8,46.15565,:mk: MKD,14.9,0.8,25.5,1-0,6,UEFA Nations League B
Sept. 29@@24378,:gb-sct: SCO 🏡,31.7,1.1,55.88,:ch: SUI,37.8,1.3,30.6,0-0,6,UEFA Nations League B
Sept. 29@@24378,:cz: CZE 🏡,9.8,0.6,49.83317,:gb-eng: ENG,68.1,2.1,22.1,0-1,6,UEFA Nations League A
Oct. 1@@24380,:gr: GRE 🏡,18.9,0.9,38.6902,:nl: NED,53.7,1.7,27.4,0-1,6,UEFA Nations League A
Oct. 1@@24380,:gb-wls: WAL 🏡,15.1,0.8,51.75,:no: NOR,59.9,1.9,25.0,0-1,6,UEFA Nations League A
Oct. 1@@24380,:mt: MLT 🏡,79.2,2.5,35.89949,:gi: GIB,4.3,0.4,16.5,1-0,6,UEFA Nations League D
Oct. 1@@24380,:ie: IRL 🏡,31.5,1.1,53.13107,:at: AUT,37.0,1.2,31.5,0-0,6,UEFA Nations League B
Oct. 1@@24380,:il: ISR 🏡,36.1,1.4,32.13433,:xk: KOS,35.9,1.4,28.0,0-0,6,UEFA Nations League B
Oct. 1@@24380,:az: AZE 🏡,85.5,2.9,40.27694,:li: LIE,2.2,0.3,12.2,2-0,6,UEFA Nations League D
Oct. 1@@24380,:dk: DEN 🏡,28.1,1.1,55.85131,:pt: POR,42.5,1.4,29.4,0-0,6,UEFA Nations League A
Oct. 1@@24380,:de: GER 🏡,74.3,2.6,50.81935,:rs: SRB,8.4,0.8,17.4,1-0,6,UEFA Nations League A
Oct. 2@@24381,:lv: LVA 🏡,29.1,1.1,56.83152,:me: MNE,40.2,1.3,30.7,0-0,6,UEFA Nations League C
Oct. 2@@24381,:kz: KAZ 🏡,67.2,2.1,46.69895,:md: MDA,10.4,0.7,22.3,1-0,6,UEFA Nations League C
Oct. 2@@24381,:ua: UKR 🏡,55.8,1.5,48.80696,:gb-nir: NIR,14.4,0.6,29.8,1-0,6,UEFA Nations League B
Oct. 2@@24381,:hu: HUN 🏡,57.1,1.9,47.31799,:ge: GEO,17.9,1.0,25.0,1-0,6,UEFA Nations League B
Oct. 2@@24381,:fo: FRO 🏡,12.9,0.6,62.04065,:sk: SVK,60.5,1.7,26.6,0-1,6,UEFA Nations League C
Oct. 2@@24381,:ba: BIH 🏡,28.7,1.2,44.33118,:se: SWE,43.0,1.5,28.3,0-0,6,UEFA Nations League B
Oct. 2@@24381,:be: BEL 🏡,44.8,1.6,50.84524,:tr: TUR,27.9,1.2,27.3,1-0,6,UEFA Nations League A
Oct. 2@@24381,:pl: POL 🏡,54.2,1.7,51.72587,:ro: ROU,18.5,0.9,27.3,1-0,6,UEFA Nations League B
Oct. 2@@24381,:cy: CYP 🏡,40.2,1.5,35.00393,:am: ARM,31.9,1.3,27.9,0-0,6,UEFA Nations League C
Oct. 2@@24381,:fr: FRA 🏡,59.9,1.6,47.04737,:it: ITA,12.7,0.6,27.4,1-0,6,UEFA Nations League A
Oct. 3@@24382,:es: ESP 🏡,88.9,3.5,39.58596,:cz: CZE,1.8,0.3,9.3,2-0,6,UEFA Nations League A
Oct. 3@@24382,:hr: CRO 🏡,19.4,0.8,45.21638,:gb-eng: ENG,51.7,1.5,29.0,0-1,6,UEFA Nations League A
Oct. 3@@24382,:ee: EST 🏡,27.4,1.0,59.0178,:lu: LUX,41.1,1.3,31.5,0-0,6,UEFA Nations League C
Oct. 3@@24382,:fi: FIN 🏡,30.4,1.0,61.69732,:al: ALB,37.1,1.1,32.5,0-0,6,UEFA Nations League C
Oct. 3@@24382,:by: BLR 🏡,94.1,4.3,53.53761,:sm: SMR,0.5,0.2,5.4,3-0,6,UEFA Nations League C
Oct. 3@@24382,:ch: SUI 🏡,66.8,2.0,47.01849,:si: SVN,10.5,0.7,22.7,1-0,6,UEFA Nations League B
Oct. 3@@24382,:is: ISL 🏡,63.3,2.0,64.33116,:bg: BUL,13.5,0.8,23.2,1-0,6,UEFA Nations League C
Oct. 3@@24382,:mk: MKD 🏡,19.8,0.9,41.73948,:gb-sct: SCO,52.5,1.6,27.7,0-1,6,UEFA Nations League B
Oct. 4@@24383,:az: AZE 🏡,44.6,1.2,40.27694,:lt: LTU,22.8,0.8,32.6,0-0,6,UEFA Nations League D
Oct. 4@@24383,:gr: GRE 🏡,14.7,0.9,38.6902,:de: GER,62.4,2.1,22.9,0-1,6,UEFA Nations League A
Oct. 4@@24383,:pt: POR 🏡,51.0,1.7,39.65553,:no: NOR,21.9,1.0,27.2,1-0,6,UEFA Nations League A
Oct. 4@@24383,:gb-wls: WAL 🏡,23.9,1.0,51.75,:dk: DEN,46.6,1.5,29.4,0-0,6,UEFA Nations League A
Oct. 4@@24383,:mt: MLT 🏡,58.6,1.5,35.89949,:ad: AND,11.6,0.5,29.8,1-0,6,UEFA Nations League D
Oct. 4@@24383,:nl: NED 🏡,73.9,2.4,52.09536,:rs: SRB,7.7,0.6,18.4,1-0,6,UEFA Nations League A
Oct. 4@@24383,:ie: IRL 🏡,53.9,1.7,53.13107,:il: ISR,18.8,0.9,27.3,1-0,6,UEFA Nations League B
Oct. 4@@24383,:xk: KOS 🏡,30.3,1.2,42.57,:at: AUT,40.9,1.4,28.8,0-0,6,UEFA Nations League B
Oct. 5@@24384,:cy: CYP 🏡,42.5,1.4,35.00393,:lv: LVA,27.5,1.1,30.0,0-0,6,UEFA Nations League C
Oct. 5@@24384,:ro: ROU 🏡,30.2,1.1,45.05045,:se: SWE,39.7,1.3,30.0,0-0,6,UEFA Nations League B
Oct. 5@@24384,:ua: UKR 🏡,45.2,1.5,48.80696,:hu: HUN,25.8,1.1,29.0,0-0,6,UEFA Nations League B
Oct. 5@@24384,:fr: FRA 🏡,65.6,2.1,47.04737,:be: BEL,11.8,0.7,22.6,1-0,6,UEFA Nations League A
Oct. 5@@24384,:me: MNE 🏡,51.8,1.8,42.55761,:am: ARM,21.9,1.1,26.4,1-0,6,UEFA Nations League C
Oct. 5@@24384,:gb-nir: NIR 🏡,42.1,1.2,54.58,:ge: GEO,25.7,0.9,32.3,0-0,6,UEFA Nations League B
Oct. 5@@24384,:it: ITA 🏡,43.2,1.3,42.97874,:tr: TUR,26.0,1.0,30.8,0-0,6,UEFA Nations League A
Oct. 5@@24384,:ba: BIH 🏡,29.6,1.2,44.33118,:pl: POL,41.8,1.5,28.6,0-0,6,UEFA Nations League B
Oct. 6@@24385,:by: BLR 🏡,34.5,1.2,53.53761,:fi: FIN,34.7,1.2,30.7,0-0,6,UEFA Nations League C
Oct. 6@@24385,:ee: EST 🏡,19.2,0.9,59.0178,:is: ISL,53.5,1.7,27.3,0-1,6,UEFA Nations League C
Oct. 6@@24385,:ch: SUI 🏡,80.7,2.8,47.01849,:mk: MKD,4.6,0.5,14.7,2-0,6,UEFA Nations League B
Oct. 6@@24385,:kz: KAZ 🏡,56.3,1.6,46.69895,:fo: FRO,16.0,0.7,27.7,1-0,6,UEFA Nations League C
Oct. 6@@24385,:hr: CRO 🏡,15.6,0.8,45.21638,:es: ESP,58.7,1.8,25.7,0-1,6,UEFA Nations League A
Oct. 6@@24385,:lu: LUX 🏡,35.9,1.2,49.64531,:bg: BUL,33.4,1.2,30.6,0-0,6,UEFA Nations League C
Oct. 6@@24385,:md: MDA 🏡,6.1,0.5,47.16079,:sk: SVK,75.8,2.4,18.1,0-1,6,UEFA Nations League C
Oct. 6@@24385,:gb-sct: SCO 🏡,55.6,1.6,55.88,:si: SVN,16.5,0.8,27.9,1-0,6,UEFA Nations League B
Oct. 6@@24385,:gb-eng: ENG 🏡,80.6,2.7,52.5,:cz: CZE,4.3,0.4,15.1,1-0,6,UEFA Nations League A
Oct. 6@@24385,:al: ALB 🏡,96.7,5.2,41.20574,:sm: SMR,0.2,0.1,3.1,4-0,6,UEFA Nations League C
Nov. 12@@24422,:gb-eng: ENG 🏡,66.3,2.0,52.5,:hr: CRO,10.4,0.6,23.3,1-0,6,UEFA Nations League A
Nov. 12@@24422,:tr: TUR 🏡,43.8,1.6,39.29454,:be: BEL,28.8,1.3,27.4,1-0,6,UEFA Nations League A
Nov. 12@@24422,:me: MNE 🏡,51.9,1.6,42.55761,:lv: LVA,19.8,0.9,28.4,1-0,6,UEFA Nations League C
Nov. 12@@24422,:am: ARM 🏡,53.7,1.8,40.27288,:cy: CYP,20.7,1.1,25.6,1-0,6,UEFA Nations League C
Nov. 12@@24422,:al: ALB 🏡,54.0,1.5,41.20574,:fi: FIN,17.1,0.7,28.9,1-0,6,UEFA Nations League C
Nov. 12@@24422,:it: ITA 🏡,23.0,0.8,42.97874,:fr: FRA,44.4,1.2,32.6,0-0,6,UEFA Nations League A
Nov. 12@@24422,:sm: SMR 🏡,1.5,0.3,43.94609,:by: BLR,88.6,3.3,9.9,0-2,6,UEFA Nations League C
Nov. 12@@24422,:cz: CZE 🏡,7.5,0.6,49.83317,:es: ESP,73.8,2.4,18.7,0-1,6,UEFA Nations League A
Nov. 13@@24423,:lu: LUX 🏡,49.4,1.5,49.64531,:ee: EST,20.8,0.8,29.8,0-0,6,UEFA Nations League C
Nov. 13@@24423,:si: SVN 🏡,20.7,0.9,46.15565,:ch: SUI,50.7,1.6,28.6,0-1,6,UEFA Nations League B
Nov. 13@@24423,:bg: BUL 🏡,36.8,1.3,42.7289,:is: ISL,34.2,1.3,29.0,0-0,6,UEFA Nations League C
Nov. 13@@24423,:gb-sct: SCO 🏡,71.9,2.3,55.88,:mk: MKD,8.2,0.6,19.9,1-0,6,UEFA Nations League B
Nov. 13@@24423,:rs: SRB 🏡,14.5,1.0,44.44791,:de: GER,63.8,2.2,21.8,0-1,6,UEFA Nations League A
Nov. 13@@24423,:li: LIE 🏡,7.0,0.5,47.15836,:az: AZE,71.4,2.0,21.6,0-1,6,UEFA Nations League D
Nov. 13@@24423,:sk: SVK 🏡,75.8,2.3,48.66519,:fo: FRO,5.6,0.5,18.6,1-0,6,UEFA Nations League C
Nov. 13@@24423,:ad: AND 🏡,55.1,1.3,42.52226,:gi: GIB,12.3,0.5,32.6,0-0,6,UEFA Nations League D
Nov. 13@@24423,:nl: NED 🏡,69.9,2.2,52.09536,:gr: GRE,9.1,0.6,20.9,1-0,6,UEFA Nations League A
Nov. 13@@24423,:md: MDA 🏡,21.7,0.9,47.16079,:kz: KAZ,49.7,1.5,28.6,0-1,6,UEFA Nations League C
Nov. 14@@24424,:no: NOR 🏡,69.4,2.2,60.99203,:gb-wls: WAL,9.6,0.7,21.0,1-0,6,UEFA Nations League A
Nov. 14@@24424,:at: AUT 🏡,56.0,1.6,47.7831,:ie: IRL,16.5,0.8,27.6,1-0,6,UEFA Nations League B
Nov. 14@@24424,:gb-nir: NIR 🏡,28.8,0.9,54.58,:ua: UKR,36.2,1.0,35.0,0-0,6,UEFA Nations League B
Nov. 14@@24424,:pt: POR 🏡,62.5,2.0,39.65553,:dk: DEN,13.5,0.8,24.0,1-0,6,UEFA Nations League A
Nov. 14@@24424,:xk: KOS 🏡,53.3,1.8,42.57,:il: ISR,21.0,1.1,25.8,1-0,6,UEFA Nations League B
Nov. 14@@24424,:se: SWE 🏡,61.9,2.0,58.80855,:ba: BIH,14.5,0.9,23.6,1-0,6,UEFA Nations League B
Nov. 14@@24424,:ro: ROU 🏡,31.1,1.1,45.05045,:pl: POL,38.6,1.3,30.3,0-0,6,UEFA Nations League B
Nov. 14@@24424,:ge: GEO 🏡,36.6,1.4,41.93037,:hu: HUN,35.0,1.3,28.5,0-0,6,UEFA Nations League B
Nov. 15@@24425,:fr: FRA 🏡,65.0,2.1,47.04737,:tr: TUR,12.3,0.8,22.7,1-0,6,UEFA Nations League A
Nov. 15@@24425,:lv: LVA 🏡,34.0,1.2,56.83152,:am: ARM,35.8,1.2,30.2,0-0,6,UEFA Nations League C
Nov. 15@@24425,:cy: CYP 🏡,35.4,1.3,35.00393,:me: MNE,36.0,1.4,28.6,0-0,6,UEFA Nations League C
Nov. 15@@24425,:hr: CRO 🏡,62.4,1.9,45.21638,:cz: CZE,13.3,0.8,24.3,1-0,6,UEFA Nations League A
Nov. 15@@24425,:by: BLR 🏡,25.4,0.9,53.53761,:al: ALB,42.0,1.2,32.5,0-0,6,UEFA Nations League C
Nov. 15@@24425,:be: BEL 🏡,42.0,1.3,50.84524,:it: ITA,26.8,1.0,31.2,0-0,6,UEFA Nations League A
Nov. 15@@24425,:es: ESP 🏡,54.3,1.6,39.58596,:gb-eng: ENG,18.0,0.8,27.7,1-0,6,UEFA Nations League A
Nov. 15@@24425,:fi: FIN 🏡,95.3,4.7,61.69732,:sm: SMR,0.4,0.2,4.3,3-0,6,UEFA Nations League C
Nov. 16@@24426,:ee: EST 🏡,28.8,1.0,59.0178,:bg: BUL,39.0,1.2,32.2,0-0,6,UEFA Nations League C
Nov. 16@@24426,:lt: LTU 🏡,82.5,2.7,55.17509,:li: LIE,3.2,0.4,14.3,2-0,6,UEFA Nations League D
Nov. 16@@24426,:kz: KAZ 🏡,20.2,0.9,46.69895,:sk: SVK,52.0,1.6,27.9,0-1,6,UEFA Nations League C
Nov. 16@@24426,:fo: FRO 🏡,54.0,1.5,62.04065,:md: MDA,16.7,0.7,29.3,1-0,6,UEFA Nations League C
Nov. 16@@24426,:ch: SUI 🏡,57.1,1.7,47.01849,:gb-sct: SCO,16.4,0.8,26.5,1-0,6,UEFA Nations League B
Nov. 16@@24426,:de: GER 🏡,46.0,1.8,50.81935,:nl: NED,28.1,1.3,25.9,1-0,6,UEFA Nations League A
Nov. 16@@24426,:mk: MKD 🏡,27.8,1.1,41.73948,:si: SVN,42.3,1.4,30.0,0-0,6,UEFA Nations League B
Nov. 16@@24426,:gi: GIB 🏡,11.6,0.6,36.1412,:mt: MLT,62.7,1.8,25.7,0-1,6,UEFA Nations League D
Nov. 16@@24426,:is: ISL 🏡,61.2,2.0,64.33116,:lu: LUX,15.0,0.9,23.8,1-0,6,UEFA Nations League C
Nov. 16@@24426,:gr: GRE 🏡,41.9,1.3,38.6902,:rs: SRB,27.7,1.0,30.4,0-0,6,UEFA Nations League A
Nov. 17@@24427,:ie: IRL 🏡,45.9,1.3,53.13107,:xk: KOS,22.5,0.8,31.6,0-0,6,UEFA Nations League B
Nov. 17@@24427,:ua: UKR 🏡,56.7,1.7,48.80696,:ge: GEO,16.3,0.8,27.0,1-0,6,UEFA Nations League B
Nov. 17@@24427,:hu: HUN 🏡,56.0,1.6,47.31799,:gb-nir: NIR,16.5,0.8,27.5,1-0,6,UEFA Nations League B
Nov. 17@@24427,:dk: DEN 🏡,31.1,1.3,55.85131,:no: NOR,40.6,1.5,28.4,0-0,6,UEFA Nations League A
Nov. 17@@24427,:il: ISR 🏡,21.8,1.1,32.13433,:at: AUT,53.2,1.9,25.0,0-1,6,UEFA Nations League B
Nov. 17@@24427,:ba: BIH 🏡,39.2,1.3,44.33118,:ro: ROU,30.4,1.1,30.4,0-0,6,UEFA Nations League B
Nov. 17@@24427,:pl: POL 🏡,42.4,1.5,51.72587,:se: SWE,29.3,1.2,28.3,0-0,6,UEFA Nations League B
Nov. 17@@24427,:gb-wls: WAL 🏡,12.9,0.7,51.75,:pt: POR,62.0,1.8,25.1,0-1,6,UEFA Nations League A